value,train_mean,train_best,test_mean,test_best
8,0.7385457388584833,0.746677091477717,0.725,0.740625
16,0.7405785770132916,0.7458952306489445,0.74,0.746875
32,0.7430805316653635,0.7443315089913995,0.735625,0.74375
64,0.746051602814699,0.7505863956215794,0.7437500000000001,0.753125
