value,train_mean,train_best,test_mean,test_best,prec_mean,rec_mean,f1_mean
relu,0.7221266614542612,0.7341673182173573,0.7125,0.740625,0.767021692126052,0.6983240223073561,0.7307443367562614
tanh,0.7418295543393276,0.7482408131352619,0.7324999999999999,0.759375,0.7865252157980083,0.7162011172784245,0.7496535263552441
sigmoid,0.529007036747459,0.5301016419077405,0.5599999999999999,0.5625,0.5597257053116511,0.9999999999441339,0.7177229915628148
tanh,0.7419859265050821,0.746677091477717,0.743125,0.75625,0.7980749163650478,0.7240223463282669,0.7591512626276316
