value,train_mean,train_best,test_mean,test_best,prec_mean,rec_mean,f1_mean
1,0.7416731821735733,0.7443315089913995,0.7362499999999998,0.74375,0.7930308840243607,0.7150837988427327,0.7520355226457758
2,0.744800625488663,0.7490226739640344,0.7318749999999998,0.740625,0.7871592359969767,0.713966480407041,0.7486798898013933
3,0.7452697419859264,0.7513682564503519,0.733125,0.75,0.7873625579578148,0.7162011172784245,0.7500798256990925
4,0.7374511336982017,0.7474589523064894,0.72,0.746875,0.7754841915977476,0.7027932960501233,0.7372564799665019
