value,train_mean,train_best,test_mean,test_best
relu,0.7155590304925723,0.7396403440187647,0.70125,0.725
tanh,0.7452697419859264,0.7544956997654417,0.73125,0.746875
sigmoid,0.5322908522283033,0.547302580140735,0.5625,0.571875
tanh,0.7419859265050822,0.7458952306489445,0.7387500000000001,0.74375
