value,train_mean,train_best,test_mean,test_best,prec_mean,rec_mean,f1_mean
16,0.7493354182955434,0.7544956997654417,0.7543749999999999,0.765625,0.8061020499284014,0.7385474859922599,0.7708446830176264
32,0.7407349491790461,0.745113369820172,0.7343749999999999,0.740625,0.7887455598617492,0.7173184357141162,0.7513171512645803
64,0.7249413604378422,0.7372947615324472,0.710625,0.721875,0.7861558170867534,0.6636871508009113,0.7196190049197007
128,0.6980453479280688,0.7232212666145426,0.678125,0.728125,0.7571733950519892,0.6256983239873911,0.6848183138790451
