value,train_mean,train_best,test_mean,test_best,prec_mean,rec_mean,f1_mean
8,0.7377638780297107,0.746677091477717,0.7218749999999999,0.740625,0.7812025147403686,0.6983240223073561,0.7373162852727034
16,0.7424550430023455,0.7482408131352619,0.73,0.74375,0.7840147782934638,0.7139664804070409,0.747291326256714
32,0.7449569976544176,0.7482408131352619,0.7487499999999999,0.7625,0.8070496551991531,0.7240223463282669,0.7632538223179166
64,0.7452697419859265,0.7482408131352619,0.7424999999999999,0.746875,0.7934245850742138,0.7296089385067257,0.7601669188466269
