value,train_mean,train_best,test_mean,test_best,prec_mean,rec_mean,f1_mean
16,0.7458952306489445,0.7474589523064894,0.74375,0.75625,0.7982481598835958,0.7251396647639586,0.7599149374980361
32,0.7422986708365912,0.745113369820172,0.73625,0.74375,0.7902253215449176,0.7195530725854999,0.7531451041522745
64,0.7197810789679437,0.7498045347928068,0.7012499999999999,0.725,0.7683382654586264,0.6670391061079867,0.7140855934308155
128,0.7132134480062549,0.727130570758405,0.690625,0.728125,0.7699958032027872,0.6379888267800007,0.6970483619495577
