value,train_mean,train_best,test_mean,test_best
1,0.7440187646598905,0.7529319781078968,0.73625,0.74375
2,0.7388584831899923,0.745113369820172,0.7356250000000001,0.74375
3,0.7397967161845191,0.7458952306489445,0.7337499999999999,0.75
4,0.727756059421423,0.743549648162627,0.70625,0.728125
