value,train_mean,train_best,test_mean,test_best,prec_mean,rec_mean,f1_mean
0.1,0.7443315089913995,0.7474589523064894,0.7462500000000001,0.753125,0.79780343575057,0.7318435753781093,0.7633917412876208
0.05,0.7366692728694293,0.7443315089913995,0.7262500000000001,0.740625,0.7812835710798843,0.709497206664274,0.7435702763578191
0.01,0.6999218139171228,0.7240031274433151,0.68625,0.7125,0.7636317013733,0.6368715083443088,0.6943803017833627
0.005,0.7116497263487099,0.7333854573885848,0.698125,0.709375,0.7807151744965177,0.6402234636513842,0.703338768432559
