value,train_mean,train_best,test_mean,test_best
0.1,0.7460516028146988,0.7482408131352619,0.745625,0.75
0.05,0.7402658326817826,0.7443315089913995,0.7262500000000001,0.7375
0.01,0.7072713057075841,0.7200938232994527,0.6975,0.728125
0.005,0.7017982799061767,0.7263487099296325,0.67875,0.703125
