value,train_mean,train_best,test_mean,test_best,prec_mean,rec_mean,f1_mean
relu,0.7254104769351055,0.7458952306489445,0.7081250000000001,0.740625,0.7861069346427525,0.6614525139295278,0.7173464459876813
tanh,0.7412040656763097,0.745113369820172,0.7368750000000001,0.746875,0.7911664866210132,0.7195530725854999,0.7535849767292364
sigmoid,0.5291634089132135,0.5316653635652854,0.5606249999999999,0.565625,0.5600786163346767,0.9999999999441339,0.7180122774782813
