value,train_mean,train_best,test_mean,test_best
relu,0.7172791243158716,0.7341673182173573,0.7068749999999999,0.73125
tanh,0.7440187646598905,0.7474589523064894,0.7375,0.74375
sigmoid,0.5285379202501954,0.5285379202501954,0.559375,0.559375
tanh,0.7438623924941361,0.7521501172791243,0.7375,0.75625
