value,train_mean,train_best,test_mean,test_best
16,0.7477716966379985,0.7513682564503519,0.7474999999999999,0.75
32,0.741673182173573,0.7482408131352619,0.72375,0.740625
64,0.7255668491008601,0.7333854573885848,0.70875,0.725
128,0.7068021892103206,0.7318217357310399,0.686875,0.740625
