value,train_mean,train_best,test_mean,test_best
8,0.7355746677091478,0.7474589523064894,0.72875,0.7375
16,0.741673182173573,0.7521501172791243,0.7362500000000001,0.75
32,0.7443315089913995,0.7474589523064894,0.743125,0.759375
64,0.7458952306489444,0.7498045347928068,0.74625,0.75
