value,train_mean,train_best,test_mean,test_best,prec_mean,rec_mean,f1_mean
8,0.7346364347146209,0.7474589523064894,0.73375,0.75,0.7856244664722966,0.7206703910211916,0.7516464661904656
16,0.7430805316653636,0.7505863956215794,0.7306250000000001,0.740625,0.7864623292998767,0.7117318435356574,0.7472106339208228
32,0.7468334636434714,0.7513682564503519,0.7393749999999999,0.753125,0.7915261639406191,0.7251396647639586,0.7568048525921294
64,0.7437060203283815,0.7474589523064894,0.7424999999999999,0.746875,0.7941520197266232,0.7284916200710339,0.7598965297717626
