value,train_mean,train_best,test_mean,test_best,prec_mean,rec_mean,f1_mean
0.1,0.744175136825645,0.7458952306489445,0.7387499999999999,0.75,0.7897971634471456,0.7262569831996505,0.7566769769741679
0.05,0.743549648162627,0.7513682564503519,0.7362499999999998,0.746875,0.7901658528711301,0.7195530725854998,0.7532052696094256
0.01,0.6931978107896795,0.7333854573885848,0.6793750000000001,0.7375,0.756231877666047,0.6301675977301582,0.6872196271820579
0.005,0.6913213448006255,0.7114933541829555,0.67375,0.71875,0.7598081636300424,0.6089385474520146,0.6757536179064001
