value,train_mean,train_best,test_mean,test_best
1,0.7416731821735731,0.743549648162627,0.735625,0.740625
2,0.7394839718530102,0.743549648162627,0.7362500000000001,0.746875
3,0.7405785770132917,0.7474589523064894,0.73125,0.7375
4,0.72869429241595,0.743549648162627,0.7124999999999999,0.7375
