value,train_mean,train_best,test_mean,test_best
0.1,0.7468334636434715,0.7513682564503519,0.74625,0.75625
0.05,0.743862392494136,0.7482408131352619,0.740625,0.75
0.01,0.7172791243158718,0.72869429241595,0.68875,0.7125
0.005,0.689913995308835,0.7224394057857702,0.6743750000000001,0.725
