value,train_mean,train_best,test_mean,test_best,prec_mean,rec_mean,f1_mean
1,0.7424550430023455,0.745113369820172,0.739375,0.746875,0.7987423340241598,0.7139664804070409,0.7539641426481317
2,0.7383893666927288,0.746677091477717,0.733125,0.746875,0.7909015539639463,0.7106145250999657,0.7483941837605614
3,0.7326035965598124,0.745113369820172,0.7175,0.740625,0.77640080209294,0.6960893854359727,0.7338641136624491
4,0.7177482408131354,0.7318217357310399,0.6993750000000001,0.715625,0.7538368951166035,0.6871508379504385,0.7189197623515053
