value,train_mean,train_best,test_mean,test_best
16,0.7493354182955434,0.7552775605942142,0.7462500000000001,0.759375
32,0.7432369038311181,0.7458952306489445,0.7368750000000001,0.75
64,0.7036747458952306,0.7294761532447225,0.6900000000000001,0.7125
128,0.6974198592650508,0.7341673182173573,0.6856249999999999,0.70625
